fecha,modelo,k,frac_val,seed,ndcg_local,ndcg_kaggle,notas
2026-08-25,popularity_sin_filtro,20,,,,0.00954,"baseline sin filtrar libros ya leidos (mismo top-20 para todos, sin descartar lo que el usuario ya leyo); generada antes de este repo, no hay codigo equivalente en el proyecto; referencia historica"
2026-08-25,popularity,20,0.2,42,0.009960,0.01024,"score bayesiano (C=avg interacciones/libro, m=rating promedio global) + filtro de libros ya leidos, fit solo con train; este filtro esta en el codigo desde el primer commit de submit.py"
2026-08-25,popularity_segmentada,20,0.2,42,0.022563,0.01558,"fallback genero preferido -> franja de nacimiento -> popularidad global, con filtro de ya leidos; todo fit solo con train"
2026-08-29,als,20,0.2,42,0.260068,0.03864,"filtrado colaborativo (implicit.als), rating explicito 1-10 usado como confianza; factors=128 regularization=0.1 iterations=20 elegidos por sweep local (7 configs, ver bitacora); fallback a popularity global si el usuario no tiene fila en la matriz; fit solo con train; local sobreestima kaggle en +573% (vs +44.8% en v1) -- ver bitacora"
2026-08-29,popularity,20,,42,0.006620,0.01024,"split CORREGIDO (temporal, n_val=1, reemplaza frac_val=0.2); C=mean (sin cambios, gano el sweep contra mediana=0.000221 y media geometrica=0.000675 -- ver bitacora); mismo codigo de v0, solo cambia la metodologia de evaluacion local"
2026-08-29,popularity_segmentada,20,,42,0.013719,0.01558,"split CORREGIDO (temporal, n_val=1); mismo codigo de v1 sin cambios; en la practica el resultado es casi identico a 'genero solo' porque franja/global aportan candidatos a 0.03% de los usuarios (ver decisiones.md)"
2026-08-29,als,20,,42,0.101473,0.03864,"split CORREGIDO (temporal, n_val=1) reemplazando la corrida anterior con frac_val=0.2 que sobreestimaba fuerte por leakage temporal + inflacion proporcional; mismos hiperparametros (factors=128 regularization=0.1 iterations=20, re-confirmados con sweep bajo el split nuevo); se evaluo rutear usuarios livianos a popularidad por genero (hipotesis: embedding ALS poco confiable con poca actividad) y se descarto: ALS gana en TODOS los buckets de actividad, incluso con 1 interaccion (ver bitacora); local sobreestima kaggle en +162.6% (vs +573% con el split viejo); reponderando el local por la distribucion de actividad real de ejemplo.csv (que esta sesgada a usuarios pesados) el estimado baja a 0.064008, +65.6% sobre kaggle -- ver bitacora"
2026-08-29,als,20,,42,0.112530,0.03341,"confianza ponderada confianza=1+alpha*rating (Hu/Koren/Volinsky) en vez de rating crudo; busqueda sistematica con optuna (30 trials) sobre factors/regularization/alpha bajo el split corregido -- gano factors=256 regularization=0.128 alpha=4.718 (+11.5% NDCG local sobre factors=128/reg=0.1/alpha=1.0 que daba 0.100883); Recall@200 bajo levemente de 0.3976 a 0.3817 (mas preciso en el top-20, un poco menos de cobertura); se probo BPR (implicit.bpr) como alternativa, tambien tuneado con optuna (30 trials), perdio contra ALS (NDCG@20=0.084991, Recall@200=0.3182); ver scripts/tune_als.py y bitacora. Wireado a submit.py (nuevos defaults de fit_als). CONFIRMADO EN KAGGLE: 0.03341, PEOR que el 0.03864 del config anterior (rating crudo, factors=128/reg=0.1) pese a +11.5% de mejora local -- ver bitacora, seccion 'Regresion en Kaggle'"
2026-08-29,ranker,20,,"42,7,123",0.104487,0.03578,"ranker de dos etapas (ALS + popularidad por genero + popularidad global -> LGBMRanker lambdarank), src/recsys/models/ranker.py; evaluado con VALIDACION CRUZADA sobre 3 seeds (no un solo split) -- gano a ALS solo (0.100594) en LOS 3 SEEDS localmente (+3.9% promedio, desvio 0.00178 vs 0.00249 de ALS); split de tres niveles por seed (train_candidatos fit ALS/popularidad/genero, train_ranker etiquetas para el LGBMRanker, test_final hold-out aislado); hiperparametros de LightGBM conservadores, sin sweep agresivo. CONFIRMADO EN KAGGLE: 0.03578, +7.1% sobre su propia base (ALS tuneado optuna, 0.03341) -- A DIFERENCIA del episodio de ALS+optuna, esta vez la mejora local (validada con cross-validation) SI se sostuvo en Kaggle real. Pero sigue -7.4% por debajo del mejor historico del proyecto (ALS original factors=128/reg=0.1, 0.03864) porque el ranker hereda esa base deteriorada como señal; ver bitacora seccion 'Ranker: resultado real en Kaggle'"
2026-08-29,als,20,,"42,7,123",0.094406,,"REVERT a factors=128 regularization=0.1 alpha=None (rating crudo) como default de fit_als -- es la config con mejor score CONFIRMADO en Kaggle (0.03864) de todas las probadas; se descarta como default la tuneada con optuna (factors=256/alpha=4.718) que dio peor score real. Re-evaluado con la misma validacion cruzada de 3 seeds: 0.094406±0.001359 -- OJO: sigue dando NUMERO LOCAL MAS BAJO que la config tuneada (0.100594), pese a ser la mejor en Kaggle real -- confirma que la CV protege contra sobreajuste a un split pero NO corrige el sesgo sistematico del proxy local (no es solo varianza entre splits); ver bitacora"
2026-08-29,ranker,20,,"42,7,123",0.097641,0.03815,"ranker de dos etapas reconstruido sobre el ALS revertido (factors=128/reg=0.1/rating crudo) en vez del tuneado; CV 3 seeds: 0.097641±0.001152, +3.4% sobre su base localmente. CONFIRMADO EN KAGGLE: 0.03815 -- LA HIPOTESIS NO SE CONFIRMO: es -1.3% respecto a su propia base (ALS original solo, 0.03864), no una mejora. El uplift del ranker NO es estable/independiente de la base de ALS como se penso tras el primer resultado: ayuda cuando la base es debil (+7.1% sobre ALS tuneado) pero no cuando la base ya es fuerte (-1.3% sobre ALS original). 'als' (sola) sigue siendo la mejor entrega confirmada del proyecto. Ver bitacora seccion 'Ranker: el uplift no es estable'"
2026-08-29,ranker,20,,"42,7,123",0.106815,0.04457,"5 features nuevas (en_autor_leido, n_libros_autor_leidos, anio_edicion_dif, n_generos_distintos_usuario, dias_desde_ultima_interaccion_usuario -- calcular_features_auxiliares en ranker.py), sobre el ALS original (factors=128/reg=0.1). CV 3 seeds: 0.106815±0.001498, +9.4% sobre el ranker sin estas features (0.097641), POSITIVO EN LOS 3 SEEDS individualmente -- la mejora mas solida y consistente de la sesion. Hiperparametros de LightGBM siguen conservadores (num_leaves=31 learning_rate=0.05 n_estimators=200). Ver scripts/evaluate_ranker.py. CONFIRMADO EN KAGGLE: 0.04457 -- NUEVO RECORD del proyecto, +15.3% sobre el record anterior (ALS original, 0.03864) y +16.8% sobre el ranker sin estas features (0.03815). Primera vez que una mejora de este tamano se confirma limpiamente: local grande+consistente (multi-seed) -> Kaggle real grande. Valida la estrategia de priorizar features de dominio sobre tunear hiperparametros. 'ranker' pasa a ser el modelo de referencia del proyecto."
2026-08-29,ranker,20,,"42,7,123",0.108127,,"mismo ranker (features nuevas + ALS original) pero con hiperparametros de LightGBM tuneados via optuna (10 trials, 2 seeds/trial, confirmado con 3 seeds al final: num_leaves=23 learning_rate=0.017 n_estimators=391 min_child_samples=101 reg_alpha=5.73 reg_lambda=3.80) -- ver scripts/tune_ranker.py. Resultado: 0.108127±0.001499, +1.2% sobre el conservador (0.106815) -- la mejora (0.0013) es MENOR que el desvio entre seeds (0.0015), o sea indistinguible de ruido con solo 3 seeds. Se decidio NO adoptar esta config (queda como hiperparametros conservadores en produccion) -- mismo criterio aprendido con Kaggle aplicado a decisiones locales: no confiar en mejoras menores al desvio observado"
2026-08-30,ranker,20,,"42,7,123",0.108039,,"+4 features nuevas sobre el ranker de 16 features (autor/anio/genero/recencia + ALS original): score_coleido (co-lectura item-item, matriz dispersa item x item cooc=X.T@X sobre la matriz binaria de ALS, ~3s -- la razon por la que se habia dejado afuera como 'cara de calcular bien' ya no aplica calculandola asi), en_editorial_leida/n_libros_editorial_leidos (mismo patron que autor), sim_resumen_historial (TF-IDF+coseno entre el resumen del candidato y el perfil de texto del usuario, scikit-learn, sin nueva dependencia). CV 3 seeds: 0.108039±0.003079 -- MIXTO: empeora en seed=42 (-0.00024) vs baseline, mejora promedio (+1.15%) menor que el desvio entre seeds. No se confirma, no se sube a Kaggle. feature_importances_ ubica sim_resumen_historial y score_coleido en el grupo de mayor peso; en_editorial_leida/n_libros_editorial_leidos entre los mas debiles (consistente con lo esperado: editorial, señal mas debil). Ver bitacora."
2026-08-30,ranker,18,,"42,7,123",0.107802,,"ablation: mismas features nuevas de la fila anterior pero SIN en_editorial_leida/n_libros_editorial_leidos, para ver si sacar la señal mas debil mejoraba el criterio. CV 3 seeds: 0.107802±0.002443 -- ya no empeora en ningun seed (seed=42 practicamente empatado, +0.000005), pero la mejora promedio (+0.92%) sigue siendo menor que el desvio entre seeds. Tampoco se confirma por si sola; no se saca editorial del codigo (se decide en conjunto con la fila siguiente)."
2026-08-30,ranker,22,,"42,7,123",0.108740,0.04658,"+2 features de macro-genero (popularidad_genero_macro_candidato: score bayesiano tipo fit_popularity pooleado a una taxonomia de 10 familias de dominio en vez de las 52 categorias granulares -- varias de esas categorias tienen muy pocas interacciones para un score confiable; frecuencia_genero_macro_usuario: proporcion 0-1 de las interacciones con genero conocido del usuario que caen en el macro-genero del candidato), taxonomia co-diseñada con el usuario a partir de la distribucion real de generos -- ver decisiones.md. De paso, _normalizar_genero ahora tambien ignora acentos (52 categorias reales, no 54 -- 2 pares eran typos de tilde: 'clasicos'/'clásicos', 'biografias'/'biografiás'). Apilado sobre las 20 features de la primera fila de hoy (22 en total, CON editorial). CV 3 seeds: 0.108740±0.002955 -- POSITIVO EN LOS 3 SEEDS individualmente (+0.00038/+0.00214/+0.00326, creciente) por primera vez en esta ronda, pero la mejora promedio (+1.80%) sigue sin superar el desvio entre seeds -- la regla estricta diria 'no confirmado'. Caso limite: se decidio con el usuario confirmar con una submission real en vez de seguir analizando el numero local (mismo tipo de recalibracion que bitacora ya documento para casos asi). CONFIRMADO EN KAGGLE: 0.04658 -- NUEVO RECORD del proyecto, +4.5% sobre el record anterior (ranker con autor/anio/genero/recencia + ALS original, 0.04457). Primera vez que un resultado que NO superaba la regla estricta local se confirma igual en Kaggle -- ver bitacora seccion 'Genero macro + editorial: confirmado pese a no superar el desvio local'."
2026-08-30,ranker,23,,"42,7,123",0.109735,0.04831,"+1 feature sobre las 22 anteriores: n_libros_editorial_catalogo (tamaño del catalogo de la editorial del candidato -- cuantos libros tiene en TODO libros, no solo los leidos; a diferencia de en_editorial_leida/n_libros_editorial_leidos, es una propiedad del libro, no del historial del usuario). Motivada por observar que editorial tiene una cola MUCHO mas larga que genero (2.762 editoriales entre libros con interaccion, 91% con <20 libros, 51% con exactamente 1) sin agrupacion tematica natural -- co-diseñado con el usuario: se descarto una taxonomia categorica (no hay 'familias' de editoriales) a favor de una feature numerica simple de volumen. CV 3 seeds: 0.109735±0.003719 -- MISMO PATRON LIMITE que la fila anterior: POSITIVO EN LOS 3 SEEDS (+0.00012/+0.00127/+0.00159) pero la mejora promedio (+0.92%) sigue sin superar el desvio entre seeds (que ademas crecio mas que la mejora). feature_importances_ ubica n_libros_editorial_catalogo en la mitad de la tabla, por delante de en_editorial_leida/n_libros_editorial_leidos en los 3 seeds -- confirma que el tamaño global es mas util que el historial del usuario con esa editorial. Se decidio con el usuario confirmar con Kaggle de nuevo (mismo criterio que la fila anterior, que resulto ser una mejora real). CONFIRMADO EN KAGGLE: 0.04831 -- NUEVO RECORD del proyecto, +3.7% sobre el record anterior (0.04658). Segunda vez seguida que un caso limite (positivo en los 3 seeds, no supera el desvio) se confirma real en Kaggle -- ver bitacora."
2026-08-30,ranker,21,,"42,7,123",0.109287,,"ablation (pregunta pendiente de decisiones.md): mismas 23 features de la fila anterior pero SIN en_editorial_leida/n_libros_editorial_leidos (la señal de editorial basada en historial, la mas debil segun feature_importances_) -- mantiene n_libros_editorial_catalogo. CV 3 seeds: 0.109287±0.003276 -- a DIFERENCIA de los dos casos limite anteriores, esta vez es NEGATIVO EN 2 DE 3 SEEDS (seed=7 -0.00081, seed=123 -0.00067, seed=42 +0.00013), media -0.41% peor que las 23 features. Aunque en_editorial_leida/n_libros_editorial_leidos son las features individualmente mas debiles, sacarlas empeora el conjunto -- no son ruido puro. No se sube a Kaggle (la señal local ya apunta en contra, a diferencia de los casos limite que SI justificaron confirmar). Se mantienen las 23 features. Pregunta pendiente de decisiones.md queda resuelta: NO conviene sacar editorial."
2026-08-30,ranker,23,,"42,7,123",0.109864,,"tuneo de LightGBM con optuna sobre la base de 23 features (scripts/tune_ranker.py, 10 trials x 2 seeds -- ver bitacora para el refactor de rendimiento que lo hizo viable en ~22min en vez de ~2.5hs). Mejor config: num_leaves=7 learning_rate=0.134 n_estimators=280 min_child_samples=82 reg_alpha=0.0012 reg_lambda=7.58. Confirmado con los 3 seeds completos: 0.109864±0.003066 vs 0.109735±0.003719 del conservador -- MIXTO (positivo en seed=42 +0.00069 y seed=7 +0.00059, negativo en seed=123 -0.00090), mejora promedio +0.12% (0.00013), la tercera vez que el tuneo de LightGBM en este proyecto da un resultado asi de chico e inconsistente (ver filas anteriores: 2026-08-29 con 16 features, 0.108127 vs 0.106815). NO se adopta -- se mantienen los hiperparametros conservadores (num_leaves=31 learning_rate=0.05 n_estimators=200) en produccion."
2026-08-31,ranker,24,,"42,7,123",0.109002,,"+1 feature sobre las 23 confirmadas en Kaggle (0.04831): popularidad_pais_candidato (score bayesiano de popularidad del candidato dentro del pais del usuario -- lectores.vive_en parseado a pais, ~98 paises + 'desconocido' como categoria propia, ~68% de los lectores vive en Espana; mismo patron que popularidad_genero_macro_candidato pero segmentado por el USUARIO, no por el libro, que no tiene pais propio -- ver popularity_segmentada.fit_popularity_por_pais). Taxonomia/tratamiento de desconocidos co-disenado con el usuario antes de implementar. CV 3 seeds: 0.109002 +- 0.003161 vs 0.109735 +- 0.003719 de las 23 features -- NEGATIVO EN 2 DE 3 SEEDS (seed=7: -0.00112, seed=123: -0.00106) y practicamente empatado en el tercero (seed=42: -0.00003), media -0.67%. No cumple el criterio de 'positivo en los 3 seeds' que veniamos usando para justificar una submission (genero macro, tamano de editorial) -- no se gasta una submission. feature_importances_ la ubica en la mitad de la tabla en los 3 seeds (no es la mas floja del set, pero el conjunto empeora con ella adentro). Revertida del ranker (FEATURES vuelve a las 23 confirmadas); se mantienen pais_por_usuario/fit_popularity_por_pais en popularity_segmentada.py, testeadas pero sin usar, por si vale la pena retomar la idea con otro enfoque."
2026-08-31,ranker,24,,"42,7,123",0.109300,,"+1 feature sobre las 23 confirmadas en Kaggle (0.04831): popularidad_franja_candidato (score bayesiano de popularidad del candidato dentro de la franja de nacimiento del usuario -- lectores.nacimiento parseado a decada, mismo patron que popularidad_pais_candidato de esta misma sesion, segmentado por el USUARIO no por el libro). De paso se corrigio un sentinel de datos: nacimiento==1910 (415 de 438 casos exactos en la franja '1910s', vs 1-9 para 1911-1917) se trata ahora como 'desconocido' en vez de una decada real -- franja_nacimiento_por_usuario/fit_popularity_por_franja_nacimiento (compartidas con v1) ahora devuelven/agrupan 'desconocido' como categoria propia para el ~30% de nacimiento invalido+sentinel, decision co-disenada con el usuario (afecta tambien el fallback de v1, no solo esta feature nueva). CV 3 seeds: 0.109300 +- 0.002688 vs 0.109735 +- 0.003719 de las 23 features -- MIXTO Y NEGATIVO EN 2 DE 3 (positivo en seed=42 +0.00070, negativo en seed=7 -0.00070 y seed=123 -0.00132), media -0.40%. No cumple el criterio de 'positivo en los 3 seeds'. No se gasta una submission. Revertida del ranker (FEATURES vuelve a las 23 confirmadas); se mantiene el fix del sentinel 1910 en popularity_segmentada.py (mejora de calidad de dato independiente de esta feature) y franja_nacimiento_por_usuario/fit_popularity_por_franja_nacimiento quedan sin usar en el ranker, igual que pais_por_usuario/fit_popularity_por_pais."
2026-08-31,ranker,26,,"42,7,123",0.110112,0.04855,"+3 features sobre las 23 confirmadas en Kaggle (0.04831): senales cruzadas lector<->libro. popularidad_genero_lector_candidato (popularidad bayesiana segmentada por genero DECLARADO del lector -- Mujer/Hombre/desconocido, lectores.genero -- mismo patron que popularidad_pais_candidato/popularidad_franja_candidato de esta sesion, pero mejor balanceado: 35%/33%/32% en vez de una categoria dominante); frecuencia_genero_macro_por_genero_lector (a diferencia de frecuencia_genero_macro_usuario que mira el historial INDIVIDUAL, mide que proporcion de las interacciones de la cohorte que declaro el mismo genero que el usuario cae en el macro-genero del candidato); edad_lector_al_publicarse (anio_edicion candidato menos nacimiento del usuario -- cruza lector y libro directamente, distinto de anio_edicion_dif que compara contra el promedio de lectura del usuario). CV 3 seeds: 0.110112 +- 0.003411 vs 0.109735 +- 0.003719 de las 23 features -- CASI POSITIVO EN LOS 3 SEEDS (positivo en seed=42 +0.00058 y seed=7 +0.00078, apenas negativo en seed=123 -0.00024, mucho menor que el desvio entre seeds ~0.0034 y que los fallos reales de pais/franja en esta misma sesion, que rondaban -0.001). Es el resultado mas prometedor de la sesion tras dos rondas fallidas (pais, franja de nacimiento). feature_importances_: popularidad_genero_lector_candidato es la mas fuerte de las 3 (consistentemente top-10 del set completo en los 3 seeds); frecuencia_genero_macro_por_genero_lector y edad_lector_al_publicarse son las mas debiles del trio. Se decidio con el usuario confirmar con una submission real pese al caso limite (mismo criterio que genero macro/tamano de editorial). CONFIRMADO EN KAGGLE: 0.04855 -- NUEVO RECORD del proyecto, +0.5% sobre el record anterior (ranker con 23 features, 0.04831). Tercera vez en el proyecto que un caso limite (no supera el criterio estricto local) se confirma igual como mejora real en Kaggle."
2026-08-31,ranker,25,,"42,7,123",0.109897,,"ablation dirigido sobre la fila anterior: mismas 26 features MENOS edad_lector_al_publicarse (la mas floja segun feature_importances_), para ver si sacarla hacia cruzar seed=123 a positivo limpio. Resultado CONTRARIO al esperado: CV 3 seeds 0.109897 +- 0.002980 -- seed=123 empeoro (-0.00084 vs -0.00024 con las 26 features completas), aunque seed=42 y seed=7 mejoraron levemente (+0.00084/+0.00049 vs +0.00058/+0.00078). Media total tambien peor (0.109897 vs 0.110112). Conclusion: edad_lector_al_publicarse, pese a ser la mas debil individualmente, no es ruido puro -- aporta algo real (mismo patron que se vio con en_editorial_leida/n_libros_editorial_leidos en la ronda de editorial). Se revierte el ablation: se mantienen las 26 features completas (mejor resultado de las dos)."
2026-08-31,ranker,29,,"42,7,123",0.117495,0.05140,"4a fuente de candidatos: libros de autores ya leidos (hasta n_por_autor=20 libros sin leer por cada autor que el usuario ya leyo, rankeados por popularidad GLOBAL -- no un score bayesiano por autor, la mayoria tiene muy pocas interacciones; topeado ademas a n_por_fuente=150 candidatos TOTALES por usuario, priorizando los autores mas leidos, para evitar un blowup de memoria real medido en la validacion -- usuarios con cientos de autores leidos llegaban a 5.304 candidatos sin el tope). Motivada por el analisis de generador de candidatos de esta sesion (experiments/modelo_actual.md): 28.6% de los targets son de un autor ya leido, senal que antes solo existia como feature (en_autor_leido/n_libros_autor_leidos) sin nunca proponer candidatos nuevos. +3 features nuevas (score_autor_candidato/rank_autor_candidato/en_autor_candidato, 26->29 total). RECALL del set de candidatos (scripts/recall_candidatos.py, seed=42): 0.3941->0.4450 (+12.9%). CV 3 seeds NDCG@20: 0.117495+-0.002562 vs 0.109735+-0.003719 de las 26 features -- POSITIVO EN LOS 3 SEEDS por un margen 5-10x mayor que cualquier resultado de esta sesion (+0.00913/+0.00722/+0.00692, vs los 0.0001-0.0013 de los casos limite anteriores). Test pareado (scripts/comparar_features_pareado.py, seed=42, mismo pool de candidatos con vs sin las 3 features de tracking): diferencia +0.0004, 0.44 sigma, NO significativa -- confirma que la mejora viene de los CANDIDATOS extra, no de las 3 features nuevas per se (el ranker ya podia aprovechar los candidatos nuevos con features existentes como en_autor_leido/n_libros_autor_leidos). Se mantienen las 3 features de todos modos (no restan, documentan explicitamente que fuente propuso el candidato). Es la mejora mas grande y solida de la sesion -- confirma la recomendacion del analisis de 'atacar el generador de candidatos, no seguir agregando features'. CONFIRMADO EN KAGGLE: 0.05140 -- NUEVO RECORD del proyecto, +5.9% sobre el record anterior (0.04855). Segunda mejora mas grande de todo el proyecto (detras de +15.3% de autor/anio/genero/recencia), y la mejor validada estadisticamente: recall medido aparte, CV positivo en los 3 seeds por un margen enorme, y test pareado que aisla el mecanismo real (candidatos, no features)."
2026-08-31,ranker,29,,42,0.115601,,"n_por_fuente subido de 150 a 500 (proximo paso #2 del analisis de generador de candidatos, sobre la base de 29 features/4 fuentes ya confirmada en Kaggle a 0.05140). Recall del set de candidatos (scripts/recall_candidatos.py, seed=42): 0.4450->0.5784 (+30%), candidatos por usuario media 486->1496 (hasta 1864). Pero NDCG@20 casi no se movio: 0.114810->0.115601 (+0.7%, un solo seed) -- la eficiencia de ranking (NDCG/recall) bajo de 0.258 a 0.20, casi cancelando toda la ganancia de recall: con muchos mas candidatos por usuario, la tarea de rankear se vuelve mas dificil (mas distractores), tal como anticipaba el analisis original. Costo de computo casi 2x (contexto: 880s vs ~450s). NO se justifica correr el CV completo de 3 seeds (el propio metodo 'recall primero, CV completo solo si vale la pena' disenado en esta sesion evito gastar ~20 min extra en una idea que ya se ve marginal con un solo seed). Descartado -- se revierte N_POR_FUENTE a 150 en scripts/recall_candidatos.py. n_por_fuente se mantiene en 150 en produccion (preparar_pipeline/submit.py sin cambios)."
2026-08-31,ranker,32,,"42,7,123",0.120547,0.05181,"5a fuente de candidatos: similitud de resumen TF-IDF (top-n_por_fuente=150 libros de TODO el catalogo con resumen -- ~48.320 libros -- mas similares al perfil de lectura del usuario, mismo perfil TF-IDF que ya arma _calcular_perfil_texto para sim_resumen_historial). Motivada por medir que los targets que las 4 fuentes anteriores fallan en capturar son ~11x menos populares (mediana 21 vs 231 interacciones en todo el dataset) que los que si capturan -- la unica de las 5 fuentes que no depende de cuanta gente mas leyo un libro, solo de su contenido (discutido con el usuario: las otras 4 fuentes estan sesgadas hacia popularidad/conectividad en mayor o menor medida, incluso ALS). Procesada en lotes (TAMANO_LOTE_RESUMEN=500) para no materializar un producto denso usuarios x libros de una sola vez, tras dos problemas de memoria previos esta sesion (autor sin tope, n_por_fuente=500). +3 features nuevas (score_resumen_candidato/rank_resumen_candidato/en_resumen_candidato, 29->32 total). RECALL del set de candidatos (scripts/recall_candidatos.py, seed=42): 0.4450->0.4559 (+2.4%). CV 3 seeds NDCG@20: 0.120547+-0.002674 vs 0.117495+-0.002562 de las 29 features -- POSITIVO EN LOS 3 SEEDS (+0.00269/+0.00476/+0.00171, media +2.6%), mas chico que el salto de autor (+7.1%) pero por encima del rango de ruido calibrado esta sesion (0.0001-0.0013). Test pareado (scripts/comparar_features_pareado.py, seed=42): las 3 features de tracking NO aportan por si solas (0.67 sigma, no significativo) -- mismo patron que autor, la mejora viene de los candidatos, no de las features (se solapan con sim_resumen_historial ya existente). Nota de sesion: seed=7 tardo anomalicamente ~2.9hs en una corrida (vs ~10min normal) por la PC entrando en reposo, no por un problema de memoria/codigo -- descartada la hipotesis de paginacion que se habia sospechado inicialmente. CONFIRMADO EN KAGGLE: 0.05181 -- NUEVO RECORD del proyecto, +0.8% sobre el record anterior (0.05140, absoluto +0.00041). El salto absoluto en Kaggle es del mismo orden que el error estandar de una sola submission (~0.0065, calculado antes en esta sesion) -- no alcanza para confirmar con certeza estadistica SOLO con este dato, pero la evidencia local (CV positivo en los 3 seeds, +2.6%, muy por encima del ruido local calibrado) es solida por separado. Se interpreta como una mejora real probablemente subestimada por el ruido de esta muestra puntual de Kaggle (no como que la mejora local haya sido ruido, a diferencia del episodio de senales cruzadas donde la evidencia local YA era limite)."
2026-09-01,ranker,35,,"42,7,123",0.121983,0.05262,"6a fuente de candidatos: co-lectura item-item (kNN), reusando el batch co_scores_por_usuario (X_batch @ cooc) que ya arma score_coleido -- se toma el top-n_por_fuente de ese mismo calculo como candidatos nuevos (heapq.nlargest), no solo para puntuar candidatos que ya trajo otra fuente. +3 features de tracking (score_coleido_candidato/rank_coleido_candidato/en_coleido_candidato, 32->35), distintas de score_coleido (que sigue puntuando cualquier candidato sin importar su fuente). RECALL del set de candidatos (seed=42): 0.4559->0.5115 (+12.2%), pero eficiencia de ranking (NDCG/recall) bajo de 0.258 a 0.232 (-10%, menos que el -22% de n_por_fuente=500 que si se descarto sin CV). Baseline de 5 fuentes reproducido en la MISMA sesion via git stash (no de una sesion anterior) para comparar seed a seed en igualdad de condiciones -- seed=42 dio 0.117503, identico al ya logueado, confirma que el split es 100% deterministico entre sesiones. CV 3 seeds: 0.121983+-0.002949 vs 0.120547+-0.002674 de las 32 features -- POSITIVO EN LOS 3 SEEDS (+0.001122/+0.001628/+0.001560, media +1.19%), magnitudes consistentes entre si (sin seed que domine ni negativo), pero la mejora local mas chica de todas las confirmadas asi esta sesion (genero macro +1.80%, editorial +0.92%). No supera el desvio entre seeds (0.0029). CONFIRMADO EN KAGGLE: 0.05262 -- NUEVO RECORD del proyecto, +1.56% sobre el record anterior (0.05181, +0.00081 absoluto) -- salto absoluto mayor al de la ronda anterior (resumen, +0.00041) pese a mejora local mas chica, otro data point de que la relacion entre efecto local y salto puntual de Kaggle es ruidosa en las dos direcciones."
2026-09-02,ranker,39,,"42,7,123",0.143336,0.06149,"Combina dos cambios de la misma ronda (medidos con n_por_fuente=75, no el default de produccion 150, por una limitacion de memoria de esta sesion puntual): (1) 4 features ponderadas por recencia (n_libros_autor_leidos_reciente/n_libros_editorial_leidos_reciente/score_coleido_reciente/sim_resumen_historial_reciente, 35->39 total; peso=1/log2(rank+2) por interaccion, rank=posicion desde la mas reciente del usuario, mismo descuento que ndcg_at_k, co-disenado con el usuario para no introducir una escala de dias/vida media nueva) -- test pareado (seed=42, scripts/comparar_features_pareado.py): +0.007802, 5.96 sigma, bootstrap 95% CI [+0.005042,+0.010340] (no incluye 0), P(mejora)=1.0 -- la senal mas fuerte medida en el proyecto con este metodo. (2) refit de etapa 1 (ALS/popularidad/genero/features auxiliares) sobre train_candidatos_full en vez de reusar el fit de train_candidatos para generar los candidatos de test/produccion (preparar_pipeline(..., refit_para_test=True), submit.py actualizado en consecuencia) -- CV 3 seeds: sin refit 0.127685+-0.001509 vs con refit 0.143336+-0.002896, diferencia +0.014134/+0.016929/+0.015892 por seed, POSITIVO EN LOS 3 SEEDS y muy por encima del desvio entre seeds -- la mejora mas grande y menos ambigua de la sesion. ALS-solo con refit (0.101473 en seed=42) coincide EXACTO con el historico 'ALS sobre split corregido' ya logueado, confirma que el refit esta bien implementado. De paso se corrigio un bug real de memoria en generar_candidatos_con_features (ArrayMemoryError con RAM de sobra en la maquina -- fragmentacion del proceso al construir el DataFrame de millones de candidatos con las columnas nuevas): acumulacion por columna en vez de por fila + float32 uniforme en vez de mezcla int64/float64. CONFIRMADO EN KAGGLE: 0.06149 -- NUEVO RECORD del proyecto, +16.9% sobre el record anterior (0.05262, +0.00887 absoluto) -- probablemente la mejora de una sola ronda mas grande de todo el proyecto (por encima del +15.3% de la ronda autor/anio/genero/recencia). Como los dos cambios se confirmaron en una sola submission combinada, no se puede aislar el efecto individual de cada uno en Kaggle real (solo localmente, por separado, ver decisiones.md secciones 18 y 19). Pendiente: reproducir las mediciones locales con n_por_fuente=150 fuera de este entorno puntual."
2026-09-03,ranker,39,,"42,7,123",0.130273,,"Reproduccion de scripts/evaluate_ranker.py a n_por_fuente=150 (antes limitado a 75 por el problema de memoria, ya resuelto por el particionado por lotes) sobre el ranker de 39 features/6 fuentes confirmado en Kaggle a 0.06149. ALS solo: 0.094406+-0.001359, identico al historico ya confirmado varias veces -- otra confirmacion de que el split es deterministico. Ranker: 0.130273+-0.002993 [0.127139,0.130577,0.133103], con refit_para_test=False (no reproduce el 0.143336 de la ronda de recencia+refit, ya confirmado indirectamente en Kaggle a n_por_fuente=150 con la misma submission 0.06149 de la fila del 2026-09-02). +2.0% local sobre el mismo config a n_por_fuente=75 (0.127685+-0.001509), modesto pero en la direccion esperada."
2026-09-03,ranker,42,,"42,7,123",0.130825,0.06017,"7a fuente de candidatos (intento): similitud usuario-usuario (X @ X-transpuesta) podada a los K_VECINOS_USUARIO_USUARIO=50 vecinos mas parecidos por usuario -- la mitad usuario del filtrado colaborativo clasico que el proyecto nunca habia probado (ALS es factorizacion latente global, la 6a fuente es co-lectura item-item). +3 features de tracking (score_vecinos_candidato/rank_vecinos_candidato/en_vecinos_candidato, 39->42). Oportunidad teorica (seed=42, medida ad-hoc): kNN k=50 dio 0.3325 vs 0.3272 de k=20, ambas por encima de una alternativa de clustering (KMeans sobre user_factors de ALS, 0.2737-0.2761, descartada por clusters muy desbalanceados -- uno con mas de la mitad de la poblacion, sugerencia del usuario de comparar otra forma de agrupar). Recall real del generador (7 vs 6 fuentes, seed=42): 0.5115->0.5184 (+1.35%, en el orden de editorial +1.0%, no de autor/co-lectura +12%). Test pareado (scripts/comparar_generadores_pareado.py): +0.001230, 1.39 sigma, bootstrap 95% CI [-0.000437,+0.002907], P(mejora)=0.9155 -- firma CASI IDENTICA a la que dio la 6a fuente (co-lectura) antes de confirmarse en Kaggle (1.35 sigma, P=0.9105), un precedente fuerte. Pero el CV de 3 seeds NO dio positivo en los 3: 0.130825+-0.002158 [0.128373,0.131669,0.132434] vs 0.130273+-0.002993 de las 6 fuentes -- positivo en seed=42 (+0.001234) y seed=7 (+0.001092), NEGATIVO en seed=123 (-0.000669, proporcionalmente grande, mas parecido a los fallos reales de pais/franja de nacimiento que a los casos limite confirmados como genero macro/editorial/senales cruzadas). Con el usuario aclarando que las submissions no son un recurso escaso en este proyecto (2-3 por dia no son problema), se confirmo directo en Kaggle en vez de seguir analizando el proxy local: 0.06017, PEOR que el record actual (0.06149, -0.00132 absoluto, -2.1% relativo) -- REGRESION, primera vez en el proyecto que el test pareado (que señalaba probablemente señal real) y el resultado real de Kaggle discrepan (en todos los casos limite anteriores confirmados la direccion se sostuvo). DESCARTADA: revertida en su totalidad (ranker.py, tests/test_ranker.py, comparar_generadores_pareado.py vuelto a su config de co-lectura, medir_oportunidad_usuario_usuario.py borrado) -- se mantiene un fix independiente de un bug real preexistente encontrado de paso en recall_de_candidatos (rompia con TypeError: unhashable type: 'set' sobre id_libro categorico desde el particionado por lotes). Ver experiments/decisiones.md seccion 22 y bitacora.md, seccion 7a fuente de candidatos (intento) -- incluye reflexion sobre por que el test pareado de un solo seed no reemplaza el chequeo de consistencia entre seeds del CV."
2026-09-07,ranker,20,,"42,7,123",0.132313,0.06182,"normalizacion por actividad de la matriz de ALS con BM25 (fit_als(..., bm25=(K1,B)), implicit.nearest_neighbours.bm25_weight, aplicado SOLO a la copia que va a modelo.fit() -- la matriz devuelta queda con el rating crudo, co-lectura/score_coleido/filtrado sin tocar). Motivacion: el 11,5% de usuarios con 100+ interacciones concentra el 64% de la senal y domina la factorizacion (lo trae ALS con confianza=rating crudo). Pre-screen ALS-solo (scripts/screen_bm25_als.py, seed=42, grilla K1 in {1,10,100} x B in {0.25,0.5,0.75,1.0}): las 12 configs mejoraron el NDCG@20 sobre bm25=None; gano K1=10/B=0.75 (+7,9% ALS-solo, Recall@200 aun +0,008). CV 3 seeds del ranker completo (n_por_fuente=150): ALS solo 0.094406->0.098263 (+4,1%), ranker 0.130273->0.132313 (+1,6%), POSITIVO EN LAS 3 SEEDS (seed42 +0.0026 / seed7 +0.0031 / seed123 +0.0004) pero por debajo del desvio entre seeds -- caso limite, mismo patron que genero macro / editorial / senales cruzadas. Recall del set de candidatos seed=42: 0.5115->0.5152 (+0,7%); NO arreglo la franja media puntualmente (top-20-entre-alcanzables plano en ~44,5%), es un lift chico y parejo. CONFIRMADO EN KAGGLE: 0.06182 -- NUEVO RECORD, +0,54% sobre 0.06149 (+0.00033 absoluto), el margen de confirmacion mas chico del proyecto pero nuevo record con direccion consistente (CV positivo en 3 seeds + ALS-solo +4,1%). Cableado en ranker.py (const BM25_ALS=(10.0,0.75)) y los 3 fit_als de submit.py. Ver decisiones.md #23 y bitacora.md."
2026-09-07,ranker,20,,"42,7,123",0.133475,0.06231,"presupuesto propio para la fuente de candidatos por autor: n_por_fuente_autor (nuevo param de generar_candidatos_con_features / preparar_pipeline / preparar_pipeline_cacheado, default None = usar n_por_fuente), cableado a 300 en submit.py (N_POR_FUENTE_AUTOR_RANKER). Apilado sobre la ronda de BM25 (0.06182). Motivacion: scripts/diagnostico_presupuesto_autor.py midio que el 39% de los usuarios agota el tope total de 150 de la fuente de autor en sus autores mas leidos (mediana 25 autores ya leidos quedan con CERO candidatos) y hasta un 5% (cota superior) pierde el libro-objetivo del set de candidatos solo por ese tope -- objetivos que la fuente ENCUENTRA y descarta por presupuesto, popularidad mediana 85 (franja media-baja). Subir el tope solo para esta fuente agrega candidatos de alta precision (todos de un autor que el usuario demostradamente lee), a diferencia de subir n_por_fuente global (n_por_fuente=500 descartado antes: +30% recall, NDCG plano). Screen (scripts/screen_presupuesto_autor.py, seed=42): recall del set de candidatos 0.5152->0.5265 (+2.2%), NDCG@20 ranker 0.129787->0.131731, eficiencia de ranking 0.2519->0.2502 (PLANA, no el hundimiento de n_por_fuente=500). Test pareado seed=42: +0.001943, 2.22 sigma, bootstrap 95% CI [+0.000227,+0.003702] (excluye 0), P(mejora)=0.9845 -- cruza el umbral estricto de 2 sigma. CV 3 seeds: 0.132313->0.133475, POSITIVO EN LAS 3 SEEDS (+0.00194/+0.00080/+0.00075), media +0.88%, desvio entre seeds bajo de 0.00219 a 0.00152. NDCG ponderado por actividad de ejemplo.csv (mas cercano a Kaggle, sesgado a heavy users): +2.6%, bastante mas que el sin ponderar -- coherente: los heavy users leen muchos autores, son los que tocan el tope. CONFIRMADO EN KAGGLE: 0.06231 -- NUEVO RECORD, +0.79% sobre 0.06182 (+0.00049 absoluto), confirmacion mas limpia que la ronda BM25 (test pareado sobre umbral + salto absoluto mayor). No se probaron 500/800 (el sweep murio por RAM tras None y 300; 300 ya alcanza y la eficiencia ya venia bajando). Ver decisiones.md #24 y bitacora.md."
2026-09-07,ranker,20,,"42,7,123",0.134117,0.06316,"n_por_fuente_autor subido de 300 a 500. scripts/screen_presupuesto_autor.py reworkeado a UN PROCESO POR VALOR (fix del OOM del sweep anterior: cada contexto ~3-4GB se libera al SO entre valores; escribe data/cache/screen_nfa/<valor>.json y sale, --resumen junta). Sweep seed=42 [none/300/500/800]: NDCG@20 ranker monotono 0.129787/0.131730/0.133014/0.133733, recall del set de candidatos 0.5152/0.5265/0.5346/0.5389, eficiencia de ranking baja lento 0.2519->0.2482 a 800 (lejos del -22% de n_por_fuente=500 global). Test pareado seed=42 vs none: 300 +0.00194 (2.22 sigma), 500 +0.00323 (3.32 sigma, P=1.0), 800 +0.00395 (4.13 sigma); incremental 800-vs-500 +0.00072 (0.84 sigma, CI cruza 0) -> 800 DESCARTADO (sin ganancia confiable, +67% candidatos/usuario). CV 3 seeds nfa=500: 0.134117 +- 0.00096 [0.133014,0.134661,0.134677], POSITIVO EN LAS 3 SEEDS vs nfa=300 (+0.00128/+0.00019/+0.00045) y vs BM25 base; desvio entre seeds SIGUE BAJANDO (0.00219 nfa=None -> 0.00152 nfa=300 -> 0.00096 nfa=500: el modelo se vuelve mas consistente al llenarse el set de candidatos). Incremental sobre 300 chico en media (+0.00064), cargado por seed=42; ponderado por actividad (~Kaggle) +0.0026 vs 300. Desglose por bucket de actividad agregado a evaluate_ranker.py (chequeo de generalizacion pedido por el usuario): el bucket 5-9 (casuales) parecia regresar en seed=42 (0.1629->0.1572) pero la varianza de ese bucket ENTRE seeds (0.1572/0.1726/0.1728) es ~3x la regresion -> ruido de seed, no efecto real; la ganancia grande esta en el bucket 100+ (heavy users, +0.0138 en 500), que son los que tocan el tope y dominan Kaggle. CONFIRMADO EN KAGGLE: 0.06316 -- NUEVO RECORD, +1.36% sobre 0.06231 (+0.00085 absoluto, salto MAYOR que el de nfa=300 pese a incremental local mas chico). Progresion de la sesion: 0.06149 -> BM25 0.06182 -> nfa=300 0.06231 -> nfa=500 0.06316 (+2.7% neto). Ver decisiones.md #24 y bitacora.md."
2026-09-09,ranker,20,,42,0.113488,,"supervision mas densa del reranker: n_val_ranker (nuevo param de preparar_pipeline/preparar_pipeline_cacheado/evaluar_pipeline) -- entrena el LGBMRanker con los N libros mas recientes de cada usuario como positivos en UN grupo, en vez de 1. armar_dataset_entrenamiento reescrito para agrupar por usuario y marcar todas las etiquetas (y=1) en un grupo (backward-compat con 1 etiqueta). Motivacion: diagnostico de posicion (diagnostico_posicion_popularidad.py extendido) mostro que los fracasos de la franja media NO son casi-aciertos -- 53% en posicion predicha 100+, mediana ~100. Hipotesis: supervision debil (1 positivo entre ~780 candidatos). PAIRED TEST seed=42 nvr=3 vs nvr=1: NDCG@20 0.133014 -> 0.113488, dif pareada -0.019525, -10.82 sigma, P(mejora)=0.0 -- CATASTROFICO. Dos causas: (a) subir n_val_ranker tambien achica train_candidatos (saca 3 recientes por usuario en vez de 1), degradando la etapa 1 -- recall del set de candidatos 0.5346 -> 0.4993; (b) lambdarank con 3 positivos del pasado reciente desdibuja el objetivo -- test_final es EL libro siguiente, no cualquiera de los ultimos 3, y compite con las features de recencia. Revertido en su totalidad (ranker.py, tests/test_ranker.py, scripts/comparar_supervision_pareado.py borrado). Se mantiene la extension de diagnostico_posicion_popularidad.py (reparto de posicion predicha de los fracasos por franja de popularidad). Ver estado_del_arte.md, 'que se probo y no funciono'."
2026-09-09,ranker,20,,42,0.131252,,"filtrar los ejemplos de entrenamiento del LGBMRanker por historial minimo del usuario (min_hist sobre las interacciones usables en train_candidatos). Motivacion (scripts/diagnostico_historial_ranker.py): de los 7932 ejemplos de entrenamiento, 9% vienen de usuarios con <=1 interaccion usable, 20% con <=3 -- features (ALS/TF-IDF/co-lectura/recencia) calculadas sobre 1-3 libros, casi ruido en el gradiente. Sweep seed=42 (scripts/comparar_historial_ranker_pareado.py, un contexto + re-entrenar solo LightGBM por umbral): min_hist=3 (6770 usuarios, -1162): NDCG@20 0.133014->0.131252, dif pareada -0.001761, -1.99 sigma; min_hist=5 -3.72 sigma; min_hist=10 -6.19 sigma; min_hist=20 (3727 usuarios) -11.92 sigma. MONOTONO Y NEGATIVO -- escala con cuantos usuarios se sacan. El dano se concentra en los usuarios FINOS de test (bucket 1-2 interacciones, ~14% del set) y en los objetivos populares (decil 8-9). Como el LGBMRanker no usa el id de usuario como feature, esos ejemplos de poco historial son la unica senal sobre como rankear para un usuario del que se sabe poco; sacarlos = sobreajuste a patrones de usuario rico y peor generalizacion. Misma leccion que recomendar_hibrido (rutear usuarios livianos afuera de ALS tambien empeoraba). La franja media (deciles 3-5, la forma de U) queda plana -- tampoco ayuda ahi. Revertido (ranker.py sin cambios, comparar_historial_ranker_pareado.py borrado). Se mantiene scripts/diagnostico_historial_ranker.py. Ver estado_del_arte.md, 'que se probo y no funciono'."
2026-09-09,ranker,20,,42,0.132934,,"features relativas dentro del usuario (paso barato del angulo 'cascade / re-rank en dos pasos'): score_als_pct_usuario, score_coleido_reciente_pct_usuario (percentil del score entre los candidatos del MISMO usuario -- LightGBM no lo puede reconstruir, no hay una feature 'score promedio del usuario' sobre la que condicionar), n_candidatos_usuario (tamano del campo, ~390-1140). generar_candidatos_con_features con un post-pase vectorizado por usuario. 39->42 features. Motivacion: el diagnostico de posicion mostro que los fracasos de la franja media quedan en pos ~100 entre ~780 candidatos igual de plausibles. Ablacion pareada seed=42 (scripts/comparar_features_relativas_pareado.py): +las 3 juntas -0.000080, -0.09 sigma (PLANO TOTAL); +score_als_pct_usuario solo -1.44 sigma; +score_coleido_reciente_pct_usuario -0.51 sigma; +n_candidatos_usuario +0.26 sigma. Todo ruido o leve negativo. Delta por decil de popularidad del objetivo sin patron (franja media deciles 4-5 +0.002 pero decil 7 -0.004). CIERRA TAMBIEN EL CASCADE COMPLETO: el valor extra de dos LGBMRankers sobre el modelo de una etapa era, para este dataset offline chico, sobre todo computar barato features relativas/listwise sobre un set podado; si esas features no dan senal en una etapa, el 2do ranker tendria el mismo punto ciego. LightGBM no esta perdiendose esta clase de senal. Revertido (ranker.py y tests a 39 features, comparar_features_relativas_pareado.py borrado). 7o angulo sin mover la forma de U -- se toma como techo estructural. Ver estado_del_arte.md."
2026-09-09,eda,,,42,,,"EDA de metadata de serie/saga (scripts/eda_series.py, sin implementar): el patron limpio '<titulo>. <serie> <N>' cubre solo 2.0% de los libros con interaccion (763 libros / 196 series de >=2 titulos); mojibake de encoding en titulos. De los 8904 test targets: 3.6% en serie detectable, 1.7% con el usuario ya leyendo esa serie, 0.8% (74 usuarios) donde el target es exactamente el siguiente (max+1). Techo de ganancia ~+0.002 local / ~+0.0005 Kaggle -- dentro del ruido de una submission. FALLA POR COBERTURA, NO POR MECANISMO. No se implemento el parser. Con esto se cierra la ultima palanca con mecanismo real para la forma de U / franja media. Analisis de estrategias alternativas de mayor calibre en experiments/estrategias.md (ventana rodante de entrenamiento, retrieval aprendido, ensamble, rating predicho, retrieval por grafo)."
2026-09-09,ranker,20,,"42,7,123",0.136318,0.06307,"seed-bag del LGBMRanker (estrategia 3 de estrategias.md): fit_ranker con n_bag>1 entrena N modelos con random_state/subsample/colsample_bytree distintos y _RankerBag promedia los scores crudos. Constante N_BAG_RANKER. Paired test seed=42 (scripts/comparar_ensamble_pareado.py): ensamble-5 raw +0.00135, +1.77 sigma, P(mejora)=0.95 (el promedio de scores crudos gana al de rank; 1 modelo con subsample solo = ruido -> la ganancia es de promediar N decorrelacionados). CV 3 seeds (N_BAG_RANKER=5): 0.134117 +- 0.00096 -> 0.136318 +- 0.00122, +0.00220 (+1.64%), POSITIVO EN LAS 3 SEEDS (+0.00201/+0.00297/+0.00182); ponderado por actividad de ejemplo.csv ~0.1006 -> ~0.1063 (+5.7%); ningun bucket de actividad danado. SUBMISSION KAGGLE: 0.06307 vs 0.06316 -- PLANO, dentro del ruido de una submission (SE ~0.0065). No es regresion. El mecanismo (promediar estimadores ruidosos) no puede empeorar en esperanza. Decidido: el codigo queda (ranker.py/_RankerBag/comparar_ensamble_pareado.py) con N_BAG_RANKER=1 de default (dev rapido, evaluar_con_params/ndcg_por_usuario no baggean) y opt-in a 5 solo para submissions finales. El valor real de la estrategia de ensamble esta en un blend de familias de modelos distintas, no en el seed-bag solo -- proximo paso: estrategia 1 (ventana rodante). Ver estado_del_arte.md y estrategias.md."
2026-09-10,ranker,20,,"42,7,123",0.134412,0.06164,"7a fuente de candidatos: retrieval aprendido con LMF (implicit.lmf.LogisticMatrixFactorization) -- estrategia 2 de estrategias.md. Optimizacion scripts/tune_retrievers.py (optuna, 25 trials por familia, split n_val=1 seed=42, metrica = recall@200 de ALS-top200 union retriever-top200 vs ALS sola): LMF gano entre BPR / cosine-kNN / BM25-kNN -- solo 0.3730, union_con_ALS 0.5025 vs 0.4048 de ALS sola (+0.0977); params factors=33, learning_rate=0.985, regularization=1.73, iterations=105 (models/lmf.py LMF_PARAMS). Cableado como 7a fuente igual que autor/resumen/co-lectura: +score_lmf_candidato/rank_lmf_candidato/en_lmf_candidato (39->42 features); fit_lmf sobre la matriz binaria de train_candidatos, y refit sobre interacciones completo en submit.py. RESULTADOS locales (nfa=500): recall del set de candidatos seed=42 0.5346->0.5547 (+0.020). CV 3 seeds NDCG@20 0.134117+-0.00096 -> 0.134412+-0.00076 (+0.22%, dentro del ruido; desvio entre seeds baja algo). Test pareado seed=42 (comparar_generadores_pareado.py 7 vs 6 fuentes, nfa=500): +0.001298, +1.48 sigma, P(mejora)=0.934, CI95 [-0.0004,+0.0030], mejora 720 / empeora 632. LightGBM le da importancia media a rank_lmf_candidato (~228) y score_lmf_candidato (~200), sobre rank_autor/rank_coleido. Kaggle: 0.06164 vs record 0.06316 -- REGRESION (peor que el seed-bag plano de 0.06307; mismo bucket que la 7a fuente usuario-usuario). Patron confirmado: recall del set sube, NDCG local plano, Kaggle peor -- los candidatos de LMF son ruido que el ranker no distingue y desplazan candidatos mejores en el set de Kaggle (sesgado a heavy users). REVERTIDO el cableado (ranker.py/submit.py/tests); se mantiene scripts/tune_retrievers.py (la optimizacion). models/lmf.py eliminado."
2026-09-10,ranker,20,,"42,7,123",0.136561,0.06667,"Ventana rodante multi-corte para entrenar el LGBMRanker (estrategia 1 de experiments/estrategias.md; N_CORTES_RANKER en ranker.py -- default 1 para dev --, N_CORTES_RANKER_SUBMISSION=3 en submit.py). Ademas del ejemplo (historial -> x_{m-1}) por usuario, se agregan los cortes x_{m-2} y x_{m-3}: el corte j predice x_{m-j} con una etapa 1 (ALS/popularidad/genero/co-lectura/TF-IDF) fiteada SOLO sobre x_1..x_{m-1-j} y features sobre ese mismo historial -- next-item genuino, sin leakage, 1 solo positivo por grupo. ~2.76x la supervision (7932 -> 21924 grupos). Distinto del n_val_ranker revertido (-10 sigma): aquel metia N positivos en UN grupo y compartia una etapa 1 para todos los cortes. test_final y recall del set de candidatos NO cambian (0.5346). Test pareado seed 42 (scripts/comparar_cortes_pareado.py, n_cortes 3 vs 1, nfa=500): +0.002231, +2.32 sigma, P(mejora)=0.985, CI95 [+0.0002,+0.0040], mejora 721 / empeora 668. CV 3 seeds NDCG@20: 0.134117+-0.00096 -> 0.136561+-0.00178 (+1.82%, positivo en los 3: 0.13525/0.13859/0.13585). Sin regresion por bucket de actividad (casual 2-4: ~0.145 -> 0.1463; 50-99: +0.008). n_interacciones_usuario sube en importancia (el modelo ve al usuario a varias profundidades de historial). n_cortes=5 hace OOM en la maquina (contexto ~10GB; queda pendiente con concat incremental). Kaggle: 0.06667 vs record 0.06316 -- NUEVO RECORD (+5,6% relativo, muy por encima del SE ~0.0065 de una submission; el mayor salto desde la ronda recencia+refit). El CV local (+1,82%) transfirio y ademas amplifico en Kaggle -- coherente con que la mejora es estructural (mas supervision next-item), no un truco de varianza como el seed-bag. ADOPTADO: N_CORTES_RANKER_SUBMISSION=3 en submit.py; N_CORTES_RANKER=1 de default en ranker.py (dev rapido, opt-in). evaluate_ranker.py a N_CORTES=3."
2026-09-10,ranker,20,,"42,7,123",0.137854,0.06753,"Ventana rodante n_cortes=5 (era 3, record 0.06667) + fix del OOM que impedia >3. El loop de preparar_pipeline/submit.py acumulaba una lista de N particiones y hacia pd.concat al final -> ~26M filas de union + las N particiones vivas a la vez + la etapa 1 transitoria del corte en curso (~2x el tamano final) = OOM. Cambiado a concat INCREMENTAL: X = pd.concat([X, X_j], ignore_index=True) y del X_j en cada vuelta -> como mucho 2 frames vivos, cada particion se libera al absorberse. Resultado identico fila por fila (concat asociativo por filas; los 3 tests de n_cortes lo confirman). CV 3 seeds NDCG@20: n_cortes=3 0.136561+-0.00178 -> n_cortes=5 0.137854+-0.00148 (+0.95%, positivo en los 3: 0.13669/0.13952/0.13735; desvio mas bajo). Sin regresion por bucket -- los buckets casuales (2-4: 0.1463->0.1472; 5-9: 0.1713->0.1731) MEJORAN a mas profundidad: mas diversidad de profundidad-de-historial en el entrenamiento = mejor generalizacion a usuarios de historial corto. Kaggle: 0.06753 vs 0.06667 (n_cortes=3) -- NUEVO RECORD. +1,3% relativo, dentro del SE ~0.0065 de una submission pero en la MISMA direccion que el CV (+0,95%, positivo en los 3) y sin downside por bucket -> se adopta (el proyecto confia en el CV local para efectos < ~0.01). ADOPTADO: N_CORTES_RANKER_SUBMISSION=5 en submit.py; evaluate_ranker.py a N_CORTES=5. El fix del OOM (concat incremental) queda. Progresion de la ventana rodante: 0.06316 (n_cortes=1/nfa=500) -> 0.06667 (=3) -> 0.06753 (=5)."
2026-09-10,ranker,20,,"42,7,123",0.137783,,"Ventana rodante n_cortes=7 (produccion queda en 5) + fix de memoria del ensamblado. NUEVO: _ensamblar_dataset_ventana_rodante en ranker.py -- cada corte (X_j) se vuelca a un .npy temporal y se libera de RAM ni bien se arma; al final se leen con mmap y se copian a un unico array float32 F-contiguo preasignado, del que la DataFrame final toma vistas SIN copiar (verificado: +0.00 GB en la construccion). Pico ~1x el tamano de la union (no ~2x como el pd.concat de todas las particiones). RSS medido (RANKER_LOG_RSS): durante los builds de corte ~4.3 GB constante, pico en el ensamblado ~10 GB con ~16 GB de sistema libre -- n_cortes alto ya no hace OOM. submit.py usa el mismo helper y libera la etapa 1 del corte principal ANTES de la ventana rodante. CV 3 seeds NDCG@20: n_cortes=5 0.137854+-0.00148 -> n_cortes=7 0.137783+-0.00136 -- PLANO (media baja un pelo, positivo solo en 1/3 seeds: 0.13646/0.13919/0.13770). El CV plateaua en profundidad 5; los cortes x_{m-6}/x_{m-7} estan mas lejos del target real y vienen de un slice cada vez mas angosto de usuarios de historial largo. Produccion queda en n_cortes=5 (record 0.06753); no se subio n_cortes=7 a Kaggle. Kaggle: N/A."
2026-09-10,ranker,20,,42,0.132742,,"Feature de rating predicho (estrategia 4 de estrategias.md): factorizacion de feedback EXPLICITO con sesgos (mu + b_u + b_i + p_u.q_i) por ALS sobre los ratings 1-10 de train_candidatos (models/rating.py, RMSE in-sample 0.97 vs 1.82 solo-mu). La feature rating_predicho_candidato = b_u + b_i + p_u.q_i (desviacion de mu, clip [-7,3], 0 para usuario/libro cold). Motivacion: la metrica premia 'el proximo libro que lee Y le gusta' (76% de los held-out rateados >=7); score_popularidad ya es media de rating del libro shrinkeada, pero el SESGO DEL USUARIO (generoso vs exigente) y el match latente p_u.q_i no estaban. Se agrego tambien rating_medio_usuario (media de rating del usuario centrada y shrinkeada, el ingrediente aislado). RESULTADOS (test pareado, scripts/comparar_features_pareado.py, seed 42): con nfadef (n_cortes=1) solo la compuesta: +1.67 sigma, P=0.949, CI95 [-0.0002,+0.0027] -- borderline. Con nfa=500 (config de produccion, mismo contexto): rating_predicho_candidato SOLO vs base = -2.34 sigma, P(mejora)=0.005 (0.133014 -> 0.131131) -- SIGNIFICATIVAMENTE DANINA. Con ambas features -0.35 sigma (rating_medio_usuario enmascara parte del dano).  El +1.67 sigma era ruido dependiente de config; a config de produccion la feature es -2.34 sigma. NO ayuda -- mismo patron que LMF / features de corroboracion / features relativas: senal plausible que no sobrevive el pareado a config de produccion. Interpretacion: el ranking de 'que se lee proximo' esta dominado por senal colaborativa/recencia ya capturada; 'le pondria >=8' no discrimina CUAL de los muchos next-reads plausibles elige (un usuario lee muchos libros que ratearia 7-9). Revertido (ranker.py, tests, comparar_features_pareado.py; models/rating.py eliminado). Kaggle: N/A (no paso el pareado)."